"N2Oraw","CO2raw","CH4raw","SampleName","Site","LUtype","Chamber","TimePt","TimePtSq","SampleDate","Pressure","N2Oc","CO2c","CH4c","N2Oppm","CO2ppm","CH4ppm","ngN_cm3_N2O","ngC_cm3_CO2","ngC_cm3_CH4","GCrun","easycallname","pitID","sampledepth","sampleorder","Month"
13.3956,464.2932,6.9668,"F1-K4-015cm-A","F1","F",NA,NA,NA,2013-12-17,"Y",15.5943,769.075875,4.0651625,0.50706125397284,6637.11460344782,0.608451069184409,0.570749084151038,3.20174933922246,0.000293517277477533,"20140113_X","F1_2013.12.17_NA","K4",15,"A","Dec"
14.2896,553.547,6.5112,"F1-K4-015cm-B","F1","F",NA,NA,NA,2013-12-17,"Y",17.1588,925.270025,3.2678625,0.558278658624675,7996.03580274267,0.529508731627083,0.628399489439535,3.85729400160293,0.000255435431342234,"20140113_X","F1_2013.12.17_NA","K4",15,"B","Dec"
12.8704,497.6706,6.0436,"F1-K4-015cm-C","F1","F",NA,NA,NA,2013-12-17,"Y",14.6752,827.486325,2.4495625,0.476972460993932,7145.29752044792,0.448487140227158,0.536881083191845,3.44689718070526,0.000216350551507147,"20140113_X","F1_2013.12.17_NA","K4",15,"C","Dec"
13.4142,495.4292,5.3284,"F1-K4-040cm-A","F1","F",NA,NA,NA,2013-12-17,"Y",15.62685,823.563875,1.1979625,0.508126850982375,7111.17139947493,0.324563611208283,0.571948522113416,3.43043471293067,0.000156569742999759,"20140113_X","F1_2013.12.17_NA","K4",40,"A","Dec"
13.7774,475.5118,6.2964,"F1-K4-040cm-B","F1","F",NA,NA,NA,2013-12-17,"Y",16.26245,788.708425,2.8919625,0.528934637749205,6807.92182248397,0.492290087844569,0.595369805335768,3.2841468769114,0.000237481128116022,"20140113_X","F1_2013.12.17_NA","K4",40,"B","Dec"
13.5324,491.5654,5.6566,"F1-K4-040cm-C","F1","F",NA,NA,NA,2013-12-17,"Y",15.8337,816.802225,1.7723125,0.514898548107483,7052.34365511183,0.381431203803354,0.579570756906593,3.40205616247674,0.000184002714688972,"20140113_X","F1_2013.12.17_NA","K4",40,"C","Dec"
15.9056,612.1442,6.5794,"F1-K4-075cm-A","F1","F",NA,NA,NA,2013-12-17,"Y",19.9868,1027.815125,3.3872125,0.650859560098238,8888.19924339528,0.541325824299185,0.732608723160129,4.2876743516882,0.000261136006202698,"20140113_X","F1_2013.12.17_NA","K4",75,"A","Dec"
15.93,633.8016,5.6464,"F1-K4-075cm-B","F1","F",NA,NA,NA,2013-12-17,"Y",20.0295,1065.715575,1.7544625,0.652257440046229,9217.94094606349,0.379663838037145,0.734182179411851,4.44674201010766,0.000183150136044152,"20140113_X","F1_2013.12.17_NA","K4",75,"B","Dec"
15.9488,626.7764,5.6548,"F1-K4-075cm-C","F1","F",NA,NA,NA,2013-12-17,"Y",20.0624,1053.421475,1.7691625,0.653334495088125,9110.97974990953,0.381119315726964,0.735394514556621,4.39514384440317,0.000183852259634003,"20140113_X","F1_2013.12.17_NA","K4",75,"C","Dec"
14.9024,694.0274,5.9352,"F1-K4-150cm-B","F1","F",NA,NA,NA,2013-12-17,"Y",18.2312,1171.110725,2.2598625,0.593386069777521,10134.9004073356,0.429704547182351,0.667916456286058,4.88908398017048,0.000207289813752392,"20140113_X","F1_2013.12.17_NA","K4",150,"B","Dec"
15.9008,749.1564,5.8052,"F1-K4-150cm-C","F1","F",NA,NA,NA,2013-12-17,"Y",19.9784,1267.586475,2.0323625,0.650584567321583,10974.2592558768,0.407179297220867,0.732299190782742,5.29399135321648,0.000196423615338018,"20140113_X","F1_2013.12.17_NA","K4",150,"C","Dec"
14.5948,708.1434,6.8056,"F1-K4-150cm-A","F1","F",NA,NA,NA,2013-12-17,"Y",17.6929,1195.813725,3.7830625,0.575763616006934,10349.8215832323,0.580519759232168,0.648080589768449,4.9927621255734,0.000280043191443709,"20140113_X","F1_2013.12.17_NA","K4",150,"A","Dec"
14.9388,890.752,5.7392,"F1-K4-250cm-A","F1","F",NA,NA,NA,2013-12-17,"Y",18.2949,1515.378775,1.9168625,0.595471431667148,13130.1031814786,0.395743401086574,0.670263743481249,6.33397216968099,0.000190906929989182,"20140113_X","F1_2013.12.17_NA","K4",250,"A","Dec"
15.0436,850.0668,6.5758,"F1-K4-250cm-B","F1","F",NA,NA,NA,2013-12-17,"Y",18.4783,1444.179675,3.3809125,0.601475440624097,12510.6563817059,0.540702048146406,0.677021867054218,6.03515054306249,0.000260835096092762,"20140113_X","F1_2013.12.17_NA","K4",250,"B","Dec"
14.5236,809.4458,6.3642,"F1-K4-250cm-C","F1","F",NA,NA,NA,2013-12-17,"Y",17.5683,1373.092925,3.0106125,0.571684556486565,11892.1870500186,0.504037872055251,0.643489192837196,5.73680044782221,0.000243148268519827,"20140113_X","F1_2013.12.17_NA","K4",250,"C","Dec"
14.0724,943.2668,6.0494,"F1-K4-350cm-A","F1","F",NA,NA,NA,2013-12-17,"Y",16.7787,1607.279675,2.4597125,0.545835235481075,13929.6598949936,0.449492112917748,0.614393149362732,6.71967896127953,0.000216835351128711,"20140113_X","F1_2013.12.17_NA","K4",350,"A","Dec"
15.2222,1013.2328,7.4296,"F1-K4-350cm-B","F1","F",NA,NA,NA,2013-12-17,"Y",18.79085,1729.720175,4.8750625,0.611707463522103,14994.917403692,0.688640959047295,0.688539050929527,7.23356002682645,0.000332200943832705,"20140113_X","F1_2013.12.17_NA","K4",350,"B","Dec"
15.1208,996.1504,6.4972,"F1-K4-350cm-C","F1","F",NA,NA,NA,2013-12-17,"Y",18.6134,1699.825975,3.2433625,0.605898241115285,14734.8317211235,0.527082935477385,0.682000179457207,7.10809448764887,0.000254265225359148,"20140113_X","F1_2013.12.17_NA","K4",350,"C","Dec"
14.1908,1033.4948,6.2996,"F1-K4-450cm-A","F1","F",NA,NA,NA,2013-12-17,"Y",16.9859,1765.178675,2.8975625,0.552618390638544,15303.4136395958,0.492844555535928,0.622028281338301,7.382378855259,0.000237748603769299,"20140113_X","F1_2013.12.17_NA","K4",450,"A","Dec"
15.4404,1073.6122,6.353,"F1-K4-450cm-B","F1","F",NA,NA,NA,2013-12-17,"Y",19.1727,1835.384125,2.9910125,0.624208176827507,15914.2154801964,0.502097235135492,0.702609876918285,7.67703014672874,0.000242212103733357,"20140113_X","F1_2013.12.17_NA","K4",450,"B","Dec"
14.0782,1000.0212,6.4306,"F1-K4-450cm-C","F1","F",NA,NA,NA,2013-12-17,"LP",16.78885,1706.599875,3.1268125,0.546167518419532,14793.7660430037,0.515543076650963,0.614767167652076,7.13652445118143,0.000248698388325322,"20140113_X","F1_2013.12.17_NA","K4",450,"C","Dec"
15.5564,814.8998,6.4252,"F1-M8-075cm-A","F1","F",NA,NA,NA,2013-12-18,"Y",19.3757,1382.637425,3.1173625,0.630853835596648,11975.2261611931,0.514607412421794,0.710090242705159,5.77685858079384,0.000248247023160418,"20140113_X","F1_2013.12.18_NA","M8",75,"A","Dec"
15.5786,774.614,6.6796,"F1-M8-075cm-B","F1","F",NA,NA,NA,2013-12-18,"Y",19.41455,1312.137275,3.5625625,0.632125677188674,11361.8603700386,0.558687593884883,0.711521829950579,5.48097043754698,0.000269511337595931,"20140113_X","F1_2013.12.18_NA","M8",75,"B","Dec"
15.8172,794.2526,7.6788,"F1-M8-075cm-C","F1","F",NA,NA,NA,2013-12-18,"Y",19.8321,1346.504825,5.3111625,0.645795109794857,11660.8651167773,0.731820130511925,0.726908168543236,5.62521056409201,0.000353030610331644,"20140113_X","F1_2013.12.18_NA","M8",75,"C","Dec"
15.1936,781.7524,9.523,"F1-M8-040cm-A","F1","F",NA,NA,NA,2013-12-18,"Y",18.7408,1324.629475,8.5385125,0.610068964894539,11470.5450768975,1.05136679188862,0.68669475384759,5.53340002618003,0.000507180172760789,"20140113_X","F1_2013.12.18_NA","M8",40,"A","Dec"
15.2792,810.8812,8.7732,"F1-M8-040cm-A","F1","F",NA,NA,NA,2013-12-18,"Y",18.8906,1375.604875,7.2263625,0.614973002744871,11914.0415311663,0.921448080956916,0.692214747911008,5.74734306682982,0.000444507283752345,"20140113_X","F1_2013.12.18_NA","M8",40,"A","Dec"
15.5444,891.976,8.5548,"F1-M8-040cm-A","F1","F",NA,NA,NA,2013-12-18,"Y",19.3547,1517.520775,6.8441625,0.630166353655013,13148.7390216102,0.883605661021622,0.70931641176169,6.34296211371422,0.000426252070416196,"20140113_X","F1_2013.12.18_NA","M8",40,"A","Dec"
16.2816,1063.5368,7.2088,"F1-M8-015cm-B","F1","F",NA,NA,NA,2013-12-18,"Y",20.6448,1817.752175,4.4886625,0.672400660936146,15760.8138922373,0.650382688343481,0.756855426055515,7.60302909925123,0.000313745123756599,"20140113_X","F1_2013.12.18_NA","M8",15,"B","Dec"
17.0562,1135.2952,7.0176,"F1-M8-015cm-A","F1","F",NA,NA,NA,2013-12-18,"Y",22.00035,1943.329375,4.1540625,0.716777620268709,16853.3613354552,0.617253243784743,0.806806213456488,8.13007485081545,0.000297763453473304,"20140113_X","F1_2013.12.18_NA","M8",15,"A","Dec"
17.163,1102.9458,7.0672,"F1-M8-015cm-C","F1","F",NA,NA,NA,2013-12-18,"Y",22.18725,1886.717925,4.2408625,0.722896209549263,16360.8300881081,0.625847493000818,0.813693308853369,7.89247738716448,0.000301909326099096,"20140113_X","F1_2013.12.18_NA","M8",15,"C","Dec"
12.3752,818.6494,6.4484,"F1-M8-350cm-A","F1","F",NA,NA,NA,2013-12-18,"Y",13.8086,1389.199225,3.1579625,0.448602372869113,12032.3151694917,0.518627303184151,0.504947659591326,5.8043983635937,0.000250186221646675,"20140113_X","F1_2013.12.18_NA","M8",350,"A","Dec"
12.3748,828.5034,6.0994,"F1-M8-350cm-B","F1","F",NA,NA,NA,2013-12-18,"Y",13.8079,1406.443725,2.5472125,0.448579456804392,12182.3458628386,0.458155670595242,0.504921865226544,5.87677328884167,0.000221014658211163,"20140113_X","F1_2013.12.18_NA","M8",350,"B","Dec"
12.371,832.1632,5.9936,"F1-M8-350cm-C","F1","F",NA,NA,NA,2013-12-18,"Y",13.80125,1412.848375,2.3620625,0.448361754189541,12238.0676338465,0.439823582549664,0.504676818761112,5.90365351529006,0.000212171244424695,"20140113_X","F1_2013.12.18_NA","M8",350,"C","Dec"
12.92,672.0988,7.0434,"F1-M8-150cm-A","F1","F",NA,NA,NA,2013-12-18,"Y",14.762,1132.735675,4.1992125,0.479814053019359,9801.02958714807,0.621723639546331,0.540079584424853,4.72802443219072,0.000299919975927849,"20140113_X","F1_2013.12.18_NA","M8",150,"A","Dec"
12.9344,726.8868,5.9228,"F1-M8-150cm-B","F1","F",NA,NA,NA,2013-12-18,"Y",14.7872,1228.614675,2.2381625,0.480639031349321,10635.1965880709,0.427555984878333,0.541008181557017,5.1304272538353,0.000206253345595944,"20140113_X","F1_2013.12.18_NA","M8",150,"B","Dec"
12.8328,714.1596,6.8324,"F1-M8-150cm-C","F1","F",NA,NA,NA,2013-12-18,"Y",14.6094,1206.342075,3.8299625,0.474818350910142,10441.4203915654,0.585163426147305,0.534456412902306,5.03694946323088,0.000282283300039903,"20140113_X","F1_2013.12.18_NA","M8",150,"C","Dec"
12.4044,712.1778,6.1466,"F1-M8-250cm-A","F1","F",NA,NA,NA,2013-12-18,"Y",13.8597,1202.873925,2.6298125,0.450275245593759,10411.2467739405,0.466334069042796,0.506830648220436,5.0223936862006,0.000224959924096997,"20140113_X","F1_2013.12.18_NA","M8",250,"A","Dec"
12.2008,715.7704,6.7202,"F1-M8-250cm-B","F1","F",NA,NA,NA,2013-12-18,"Y",13.5034,1209.160975,3.6336125,0.438610968650679,10465.9454007843,0.565722402719009,0.493701316546232,5.04878034709423,0.000272904934946882,"20140113_X","F1_2013.12.18_NA","M8",250,"B","Dec"
12.5444,778.4028,6.724,"F1-M8-250cm-C","F1","F",NA,NA,NA,2013-12-18,"Y",14.1047,1318.767675,3.6402625,0.458295868246172,11419.5462124328,0.566380833102498,0.51585867589425,5.50879813358711,0.000273222562285148,"20140113_X","F1_2013.12.18_NA","M8",250,"C","Dec"
12.76,960.195,6.0578,"F1-M8-450cm-A","F1","F",NA,NA,NA,2013-12-18,"Y",14.482,1636.904025,2.4744125,0.470647627130887,14187.3978271142,0.450947590607567,0.529761838511923,6.84401194378234,0.000217537474718563,"20140113_X","F1_2013.12.18_NA","M8",450,"A","Dec"
12.5892,964.8288,6.7382,"F1-M8-450cm-B","F1","F",NA,NA,NA,2013-12-18,"Y",14.1831,1645.013175,3.6651125,0.460862467494944,14257.9490983575,0.568841283482906,0.51874764474987,6.87804593288463,0.000274409485496565,"20140113_X","F1_2013.12.18_NA","M8",450,"B","Dec"
12.848,957.3636,6.3226,"F1-M8-450cm-C","F1","F",NA,NA,NA,2013-12-18,"Y",14.636,1631.949075,2.9378125,0.475689161369546,14144.2887439863,0.496829792067576,0.535436598764035,6.82321608795251,0.000239671085027227,"20140113_X","F1_2013.12.18_NA","M8",450,"C","Dec"
14.7192,360.8564,7.5252,"S4-MU-040cm-A","S4","S",NA,NA,NA,2013-12-18,"Y",17.9106,588.061475,5.0423625,0.582890512135221,5062.25212916413,0.705205681326664,0.656102637215753,2.44203443482941,0.000340191778974353,"20140113_X","S4_2013.12.18_NA","MU",40,"A","Dec"
15.1916,369.4596,7.4012,"S4-MU-040cm-B","S4","S",NA,NA,NA,2013-12-18,"Y",18.7373,603.117075,4.8253625,0.609954384570933,5193.23894274264,0.683720058286478,0.686565782023679,2.50522257740028,0.000329827097409873,"20140113_X","S4_2013.12.18_NA","MU",40,"B","Dec"
15.2638,368.1096,6.4912,"S4-MU-040cm-C","S4","S",NA,NA,NA,2013-12-18,"Y",18.86365,600.754575,3.2328625,0.614090734253106,5172.68470730338,0.526043308556086,0.691221664866889,2.49530719795186,0.000253763708509254,"20140113_X","S4_2013.12.18_NA","MU",40,"C","Dec"
20.5258,404.7852,8.6724,"S4-MU-015cm-A","S4","S",NA,NA,NA,2013-12-18,"Y",28.07215,664.936875,7.0499625,0.915551565660214,5731.08390528552,0.903982348679088,1.03054653357838,2.76467941313598,0.000436081800674122,"20140113_X","S4_2013.12.18_NA","MU",15,"A","Dec"
19.1664,363.1924,8.2328,"S4-MU-015cm-B","S4","S",NA,NA,NA,2013-12-18,"Y",25.6932,592.149475,6.2806625,0.837671319705288,5097.81856915383,0.82781234957856,0.942884384865646,2.45919171363794,0.000399337332805208,"20140113_X","S4_2013.12.18_NA","MU",15,"B","Dec"
20.1324,391.1588,8.2796,"S4-MU-015cm-C","S4","S",NA,NA,NA,2013-12-18,"Y",27.3837,641.090675,6.3625625,0.893013616006934,5523.61706544149,0.835921439564695,1.00517777581496,2.66459724534636,0.000403249164234382,"20140113_X","S4_2013.12.18_NA","MU",15,"C","Dec"
14.3544,506.334,6.1856,"S4-MU-075cm-A","S4","S",NA,NA,NA,2013-12-18,"Y",17.2722,842.647275,2.6980625,0.561991061109506,7277.20090067342,0.473091644031242,0.632578176534272,3.51052747575227,0.00022821978362131,"20140113_X","S4_2013.12.18_NA","MU",75,"A","Dec"
14.2996,523.2144,5.5252,"S4-MU-075cm-B","S4","S",NA,NA,NA,2013-12-18,"Y",17.1763,872.187975,1.5423625,0.558851560242704,7534.21106060585,0.3586633742269,0.629044348559093,3.63450938037535,0.000173019495676289,"20140113_X","S4_2013.12.18_NA","MU",75,"B","Dec"
14.3024,488.3272,7.2104,"S4-MU-075cm-C","S4","S",NA,NA,NA,2013-12-18,"Y",17.1812,811.135375,4.4914625,0.559011972695753,7003.04089570487,0.650659922189161,0.62922490911257,3.37827247230645,0.000313878861583237,"20140113_X","S4_2013.12.18_NA","MU",75,"C","Dec"
17.5532,561.1634,5.829,"S4-MU-250cm-A","S4","S",NA,NA,NA,2013-12-18,"Y",22.8701,938.598725,2.0740125,0.745250830684773,8111.99823148306,0.411303150675354,0.838855711698528,3.91323436903327,0.000198412965509265,"20140113_X","S4_2013.12.18_NA","MU",250,"A","Dec"
18.5612,594.0284,5.8464,"S4-MU-250cm-B","S4","S",NA,NA,NA,2013-12-18,"Y",24.6341,996.112475,2.1044625,0.802999313782144,8612.379674232,0.414318068747122,0.903857510949987,4.15461877316099,0.000199867364373958,"20140113_X","S4_2013.12.18_NA","MU",250,"B","Dec"
18.4032,600.0556,5.8324,"S4-MU-250cm-C","S4","S",NA,NA,NA,2013-12-18,"Y",24.3576,1006.660075,2.0799625,0.793947468217278,8704.14596152049,0.411892272597423,0.893668736860968,4.19888690279916,0.000198697158390871,"20140113_X","S4_2013.12.18_NA","MU",250,"C","Dec"
16.7032,646.1632,6.7728,"S4-MU-150cm-A","S4","S",NA,NA,NA,2013-12-18,"Y",21.3826,1087.348375,3.7256625,0.696554193152268,9406.15075110488,0.574836465395733,0.784042686536086,4.53753456906293,0.000277301565997621,"20140113_X","S4_2013.12.18_NA","MU",150,"A","Dec"
17.416,670.0568,5.7076,"S4-MU-150cm-B","S4","S",NA,NA,NA,2013-12-18,"Y",22.63,1129.162175,1.8615625,0.737390620485409,9769.93940287625,0.390268032634398,0.83000824457819,4.71302650268429,0.000188265607913072,"20140113_X","S4_2013.12.18_NA","MU",150,"B","Dec"
17.526,671.6132,5.6036,"S4-MU-150cm-C","S4","S",NA,NA,NA,2013-12-18,"Y",22.8225,1131.885875,1.6795625,0.743692538283733,9793.63615253378,0.37224783266521,0.837101694893329,4.7244578334795,0.000179572649181573,"20140113_X","S4_2013.12.18_NA","MU",150,"C","Dec"
46.3708,734.4458,5.1764,"F1-C2-150cm-A","F1","F",NA,NA,NA,2014-02-26,"Y",54.497425,1250.0679875,1.9845875,0.524724018997455,13371.366582119,0.43392378699078,0.590630325090646,6.45035782515511,0.000209325178376296,"20140310_H","F1_2014.02.26_NA","C2",150,"A","Feb"
50.2528,838.9432,5.2248,"F1-C2-150cm-C","F1","F",NA,NA,NA,2014-02-26,"Y",61.290925,1432.9384375,2.0692875,0.592579560105346,15325.1282551955,0.442102193121351,0.667008647509216,7.39285400301549,0.000213270447968424,"20140310_H","F1_2014.02.26_NA","C2",150,"C","Feb"
48.6944,792.9898,5.5646,"F1-C2-150cm-B","F1","F",NA,NA,NA,2014-02-26,"Y",58.563725,1352.5199875,2.6639375,0.565339458286042,14465.9490634879,0.499520011368621,0.636347138581576,6.97838528073447,0.000240968848947864,"20140310_H","F1_2014.02.26_NA","C2",150,"B","Feb"
48.782,778.5294,4.8592,"F1-C2-150cm-A","F1","F",NA,NA,NA,2014-02-26,"Y",58.717025,1327.2142875,1.4294875,0.566870665241491,14195.5865922938,0.380324811275553,0.638070667959182,6.84796221058792,0.000183468990057644,"20140310_H","F1_2014.02.26_NA","C2",150,"A","Feb"
52.5812,891.0872,5.0748,"F1-C2-250cm-C","F1","F",NA,NA,NA,2014-02-26,"Y",65.365625,1524.1904375,1.8067875,0.633278901144917,16300.0515420993,0.416755893129913,0.712819900966042,7.86315776845225,0.000201043372786211,"20140310_H","F1_2014.02.26_NA","C2",250,"C","Feb"
50.633,817.7854,5.304,"F1-C2-250cm-B","F1","F",NA,NA,NA,2014-02-26,"Y",61.956275,1395.9122875,2.2078875,0.599225277964496,14929.5461763437,0.45548503951683,0.674489079807912,7.20202489500004,0.000219726343664632,"20140310_H","F1_2014.02.26_NA","C2",250,"B","Feb"
53.9492,756.6524,5.5716,"F1-C2-350cm-A","F1","F",NA,NA,NA,2014-02-26,"Y",67.759625,1288.9295375,2.6761875,0.657190900175209,13786.5578114639,0.500702838701555,0.739735291246465,6.65064640289269,0.0002415394457897,"20140310_H","F1_2014.02.26_NA","C2",350,"A","Feb"
55.9976,834.4218,5.3786,"F1-C2-350cm-B","F1","F",NA,NA,NA,2014-02-26,"Y",71.344325,1425.0259875,2.3384375,0.69299597240741,15240.5927736558,0.468090599379238,0.780037546692678,7.35207401979507,0.000225807275721919,"20140310_H","F1_2014.02.26_NA","C2",350,"B","Feb"
51.0614,526.0444,7.8138,"F1-C2-450cm-A","F1","F",NA,NA,NA,2014-02-26,"Y",62.705975,885.3655375,6.6000375,0.606713509239771,9474.93788690285,0.879579330973565,0.68291784676415,4.57071753782977,0.000424309765613419,"20140310_H","F1_2014.02.26_NA","C2",450,"A","Feb"
54.2088,705.985,6.9688,"F1-C2-450cm-B","F1","F",NA,NA,NA,2014-02-26,"Y",68.213925,1200.2615875,5.1212875,0.661728586540899,12839.2421443331,0.736795174355133,0.744842919402019,6.19366057509101,0.000355430575420286,"20140310_H","F1_2014.02.26_NA","C2",450,"B","Feb"
43.6574,468.448,5.1918,"S4-MU-450cm-B","S4","S",NA,NA,NA,2014-02-26,"Y",49.748975,784.5718375,2.0115375,0.477295058347751,8398.0724450145,0.436526007123234,0.537244199369227,4.05123679612216,0.000210580491428337,"20140310_H","S4_2014.02.26_NA","MU",450,"B","Feb"
41.8868,582.5752,6.4286,"F1-C2-015cm-A","F1","F",NA,NA,NA,2014-02-26,"Y",46.650425,984.2944375,4.1759375,0.446345799953719,10531.8800729128,0.645514699319302,0.502407656949258,5.08058728512865,0.00031139680199741,"20140310_H","F1_2014.02.26_NA","C2",15,"A","Feb"
42.27,579.38,6.5342,"F1-C2-015cm-C","F1","F",NA,NA,NA,2014-02-26,"Y",47.321025,978.7028375,4.3607375,0.453043956407233,10472.1402200761,0.663358494513274,0.50994711422664,5.05176873282496,0.000320004662925688,"20140310_H","F1_2014.02.26_NA","C2",15,"C","Feb"
40.8482,570.4262,6.2296,"F1-C2-015cm-B","F1","F",NA,NA,NA,2014-02-26,"Y",44.832875,963.0336875,3.8276875,0.428191558584668,10304.7332676697,0.611888607997328,0.481973209328463,4.97101148645015,0.000295175548922341,"20140310_H","F1_2014.02.26_NA","C2",15,"B","Feb"
40.636,566.5984,4.8768,"F1-C2-040cm-C","F1","F",NA,NA,NA,2014-02-26,"Y",44.461525,956.3350375,1.4602875,0.42448240200994,10233.1658513301,0.383298777141215,0.477798175836135,4.93648730814894,0.00018490363354569,"20140310_H","F1_2014.02.26_NA","C2",40,"C","Feb"
41.1334,387.1134,7.1384,"F1-C2-040cm-B","F1","F",NA,NA,NA,2014-02-26,"Y",45.331975,642.2362875,5.4180875,0.433176720955603,6877.37983280589,0.765453390878785,0.48758451730213,3.31765347607972,0.000369255321759642,"20140310_H","F1_2014.02.26_NA","C2",40,"B","Feb"
42.8976,601.458,5.3716,"F1-C2-040cm-A","F1","F",NA,NA,NA,2014-02-26,"Y",48.419325,1017.3393375,2.3261875,0.464014110348324,10884.9270474822,0.466907772046304,0.522295139767571,5.25089742516373,0.000225236678880083,"20140310_H","F1_2014.02.26_NA","C2",40,"A","Feb"
43.7748,743.843,5.072,"F1-C2-075cm-B","F1","F",NA,NA,NA,2014-02-26,"Y",49.954425,1266.5130875,1.8018875,0.479347155340555,13547.063673092,0.416282762196739,0.539554043535106,6.53511424093761,0.000200815134049476,"20140310_H","F1_2014.02.26_NA","C2",75,"B","Feb"
43.3156,753.6458,5.0364,"F1-C2-075cm-C","F1","F",NA,NA,NA,2014-02-26,"Y",49.150825,1283.6679875,1.7395875,0.471320554496468,13730.3441655141,0.410267240332105,0.5305192867977,6.62352889558289,0.000197913241539564,"20140310_H","F1_2014.02.26_NA","C2",75,"C","Feb"
43.932,718.5584,5.0276,"F1-C2-075cm-A","F1","F",NA,NA,NA,2014-02-26,"Y",50.229525,1222.2650375,1.7241875,0.482094937685264,13074.3238499091,0.408780257399274,0.542646952418207,6.30706417597208,0.000197195919795541,"20140310_H","F1_2014.02.26_NA","C2",75,"A","Feb"
38.0128,694.1056,5.5052,"S4-MU-075cm-B","S4","S",NA,NA,NA,2014-02-26,"Y",39.870925,1179.4726375,2.5599875,0.378630095097467,12617.1359826569,0.489482876572011,0.426186734473849,6.08651638685978,0.000236126927175707,"20140310_H","S4_2014.02.26_NA","MU",75,"B","Feb"
41.0718,699.6364,5.6752,"S4-MU-150cm-C","S4","S",NA,NA,NA,2014-02-26,"Y",45.224175,1189.1515375,2.8574875,0.432099981817982,12720.5439627736,0.518208683228974,0.486372537739796,6.13640047833488,0.000249984279048882,"20140310_H","S4_2014.02.26_NA","MU",150,"C","Feb"
37.5504,305.1236,7.964,"S4-MU-150cm-A","S4","S",NA,NA,NA,2014-02-26,"Y",39.061725,498.7541375,6.8628875,0.370547559752725,5344.43711056393,0.904959426031658,0.41708901775918,2.57816069325894,0.000436553143562542,"20140310_H","S4_2014.02.26_NA","MU",150,"A","Feb"
39.844,506.9398,7.0632,"S4-MU-150cm-B","S4","S",NA,NA,NA,2014-02-26,"Y",43.075525,851.9324875,5.2864875,0.410638613097665,9117.74397337527,0.752746445816411,0.462215581463258,4.39840691115819,0.000363125481401626,"20140310_H","S4_2014.02.26_NA","MU",150,"B","Feb"
43.63,514.2196,5.0592,"S4-MU-250cm-B","S4","S",NA,NA,NA,2014-02-26,"Y",49.701025,864.6721375,1.7794875,0.476816119185887,9253.85256772941,0.414119877930803,0.536705104563903,4.46406580483007,0.000199771756967261,"20140310_H","S4_2014.02.26_NA","MU",250,"B","Feb"
44.4726,457.4116,5.0504,"S4-MU-250cm-A","S4","S",NA,NA,NA,2014-02-26,"Y",51.175575,765.2581375,1.7640875,0.491544372389779,8191.72764285922,0.412632894997972,0.553283253577269,3.95169590020189,0.000199054435223238,"20140310_H","S4_2014.02.26_NA","MU",250,"A","Feb"
44.3824,593.5988,4.9802,"S4-MU-250cm-C","S4","S",NA,NA,NA,2014-02-26,"Y",51.017725,1003.5857375,1.6412375,0.489967718652548,10737.9855566791,0.400770826601979,0.551508569218136,5.18001273366863,0.000193332164037962,"20140310_H","S4_2014.02.26_NA","MU",250,"C","Feb"
41.4232,369.1244,6.3052,"S4-MU-350cm-B","S4","S",NA,NA,NA,2014-02-26,"Y",45.839125,610.7555375,3.9599875,0.438242289171231,6541.04401261349,0.624663143193013,0.493286330243115,3.15540481014612,0.000301337994814176,"20140310_H","S4_2014.02.26_NA","MU",350,"B","Feb"
39.594,261.5512,7.1468,"S4-MU-350cm-A","S4","S",NA,NA,NA,2014-02-26,"Y",42.638025,422.5024375,5.4327875,0.406268730233942,4529.77487854707,0.766872783678306,0.457296833239496,2.18516698757627,0.000369940037969846,"20140310_H","S4_2014.02.26_NA","MU",350,"A","Feb"
42.7628,425.3016,4.62,"S4-MU-450cm-A","S4","S",NA,NA,NA,2014-02-26,"Y",48.183425,709.0656375,1.0108875,0.461657869508204,7591.37502812922,0.339905911555874,0.519642950725319,3.66208532356461,0.000163970880833741,"20140310_H","S4_2014.02.26_NA","MU",450,"A","Feb"
45.6926,860.8568,5.3764,"F1-M8-450cm-C","F1","F",NA,NA,NA,2014-02-25,"Y",53.310575,1471.2872375,2.3345875,0.512869400764747,15734.8413370438,0.46771885364603,0.577286744909226,7.59049991806372,0.000225627945285914,"20140310_H","F1_2014.02.25_NA","M8",450,"C","Feb"
38.7486,333.1592,7.807,"F1-M8-450cm-A","F1","F",NA,NA,NA,2014-02-25,"Y",41.158575,547.8164375,6.5881375,0.391491534341976,5868.61169061763,0.878430298707287,0.440663594246024,2.83102292565919,0.000423755471538492,"20140310_H","F1_2014.02.25_NA","M8",450,"A","Feb"
36.238,390.768,7.6966,"S4-MU-015cm-A","S4","S",NA,NA,NA,2014-02-26,"Y",36.765025,648.6318375,6.3949375,0.347607422671324,6945.70897219525,0.859775421913589,0.391267557083721,3.35061550701646,0.000414756344204383,"20140310_H","S4_2014.02.26_NA","MU",15,"A","Feb"
36.2076,467.7316,7.3678,"S4-MU-015cm-B","S4","S",NA,NA,NA,2014-02-26,"Y",36.711825,783.3181375,5.8195375,0.347076044915096,8384.67809393407,0.804216332332357,0.390669437299711,4.04477535055682,0.000387954595404973,"20140310_H","S4_2014.02.26_NA","MU",15,"B","Feb"
37.888,480.3194,7.4804,"S4-MU-015cm-C","S4","S",NA,NA,NA,2014-02-26,"Y",39.652525,805.3467875,6.0165875,0.376448649571896,8620.02903269764,0.823242954859263,0.423731295360547,4.15830882974071,0.000397133053175087,"20140310_H","S4_2014.02.26_NA","MU",15,"C","Feb"
37.7076,448.11,6.34,"S4-MU-040cm-A","S4","S",NA,NA,NA,2014-02-26,"Y",39.336825,748.9803375,4.0208875,0.373295342097434,8017.81796110361,0.630543484791026,0.420181926642281,3.8678017320409,0.000304174676256449,"20140310_H","S4_2014.02.26_NA","MU",40,"A","Feb"
36.7338,525.1124,5.6804,"S4-MU-040cm-B","S4","S",NA,NA,NA,2014-02-26,"Y",37.632675,883.7345375,2.8665875,0.35627377436666,9457.51251670888,0.519087354962011,0.401022418561085,4.56231152545276,0.000250408150988532,"20140310_H","S4_2014.02.26_NA","MU",40,"B","Feb"
36.8642,528.8462,5.8268,"S4-MU-040cm-C","S4","S",NA,NA,NA,2014-02-26,"Y",37.860875,890.2686875,3.1227875,0.358553105268378,9527.32243862974,0.543825343753654,0.403588037634599,4.59598788705501,0.000262341776366372,"20140310_H","S4_2014.02.26_NA","MU",40,"C","Feb"
0.6448,0,0,"Rerun_S4-MU-075cm-C","S4","S",NA,NA,NA,2014-02-26,"Y",-25.523075,-35.2121625,-7.0741125,NA,NA,NA,NA,NA,NA,"20140310_H","Re_2014.02.26_NA","MU",75,"C","Feb"
37.9406,421.6024,7.2704,"S4-MU-075cm-A","S4","S",NA,NA,NA,2014-02-26,"Y",39.744575,702.5920375,5.6490875,0.377368072926424,7522.21201372844,0.78775813487125,0.424766199986827,3.62872103066219,0.000380015147919989,"20140310_H","S4_2014.02.26_NA","MU",75,"A","Feb"
41.1762,755.4664,6.0282,"F1-M8-150cm-C","F1","F",NA,NA,NA,2014-02-25,"Y",45.406875,1286.8540375,3.4752375,0.433924844901872,13764.3834669896,0.577856975875491,0.488426606998038,6.63994948156314,0.000278758662644356,"20140310_H","F1_2014.02.25_NA","M8",150,"C","Feb"
40.7444,557.8202,7.3448,"F1-M8-150cm-B","F1","F",NA,NA,NA,2014-02-25,"Y",44.651225,940.9731875,5.7792875,0.42637718321965,10069.0420480719,0.800329899667003,0.479930945065957,4.85731385552242,0.000386079777210367,"20140310_H","F1_2014.02.25_NA","M8",150,"B","Feb"
40.18,342.908,8.4664,"F1-M8-150cm-A","F1","F",NA,NA,NA,2014-02-25,"Y",43.663525,564.8768375,7.7420875,0.416511735666509,6050.88255858648,0.989852633469647,0.468826379075993,2.91895053666889,0.0004775056940395,"20140310_H","F1_2014.02.25_NA","M8",150,"A","Feb"
42.0306,522.9138,7.078,"F1-M8-250cm-B","F1","F",NA,NA,NA,2014-02-25,"Y",46.902075,879.8869875,5.3123875,0.448859356576932,9416.40584406032,0.7552472807489,0.505236920927566,4.54248163402346,0.000364331886152937,"20140310_H","F1_2014.02.25_NA","M8",250,"B","Feb"
39.9592,314.6088,8.04,"F1-M8-250cm-A","F1","F",NA,NA,NA,2014-02-25,"Y",43.277125,515.3532375,6.9958875,0.412652255121269,5521.77951546075,0.917801551360653,0.464482140644767,2.66371080978089,0.000442748194988196,"20140310_H","F1_2014.02.25_NA","M8",250,"A","Feb"
43.432,747.1542,5.7624,"F1-M8-250cm-C","F1","F",NA,NA,NA,2014-02-25,"Y",49.354525,1272.3076875,3.0100875,0.473355171957818,13608.9723488283,0.532943332290663,0.532809455970684,6.56497903512513,0.000257092285421475,"20140310_H","F1_2014.02.25_NA","M8",250,"C","Feb"
40.769,366.0432,8.0224,"F1-M8-350cm-A","F1","F",NA,NA,NA,2014-02-25,"Y",44.694275,605.3634375,6.9650875,0.42680717969344,6483.43558917824,0.914827585494991,0.480414949891176,3.12761446107309,0.00044131355150015,"20140310_H","F1_2014.02.25_NA","M8",350,"A","Feb"
43.6384,590.9736,7.1856,"F1-M8-350cm-B","F1","F",NA,NA,NA,2014-02-25,"Y",49.715725,998.9916375,5.5006875,0.476962947250108,10688.9028508495,0.773429026609424,0.536870374504221,5.15633519751826,0.000373102774750311,"20140310_H","F1_2014.02.25_NA","M8",350,"B","Feb"
0,0,0,"Rerun_F1-M8-350cm-C","F1","F",NA,NA,NA,2014-02-25,"Y",-26.651475,-35.2121625,-7.0741125,NA,NA,NA,NA,NA,NA,"20140310_H","Re_2014.02.25_NA","M8",350,"C","Feb"
40.9068,566.3542,6.604,"F1-M8-450cm-B","F1","F",NA,NA,NA,2014-02-25,"Y",44.935425,955.9076875,4.4828875,0.429215859127924,10228.6001051913,0.675152972775956,0.483126163912113,4.93428478859693,0.000325694328577144,"20140310_H","F1_2014.02.25_NA","M8",450,"B","Feb"
46.3408,559.2582,7.1376,"F1-K4-450cm-A","F1","F",NA,NA,NA,2014-02-25,"Y",54.444925,943.4896875,5.4166875,0.524199633053808,10095.9279733282,0.765318210612164,0.590040075303794,4.87028364715133,0.000369190110692003,"20140310_H","F1_2014.02.25_NA","K4",450,"A","Feb"
46.0924,1163.3502,5.6134,"F1-M8-015cm-C","F1","F",NA,NA,NA,2014-02-25,"Y",54.010225,2000.6506875,2.7493375,0.519857717440413,21390.4845518855,0.507766007632502,0.585152807068665,10.3187866824042,0.00024494672407381,"20140310_H","F1_2014.02.25_NA","M8",15,"C","Feb"
47.7512,1164.1744,5.5628,"F1-M8-015cm-B","F1","F",NA,NA,NA,2014-02-25,"Y",56.913125,2002.0930375,2.6607875,0.548852764217788,21405.8944125227,0.499215855768724,0.617789685282968,10.3262204113753,0.000240822124045677,"20140310_H","F1_2014.02.25_NA","M8",15,"B","Feb"
44.3908,891.978,6.6192,"F1-M8-015cm-A","F1","F",NA,NA,NA,2014-02-25,"Y",51.032425,1525.7493375,4.5094875,0.490114546716768,16316.7066062289,0.677721397841755,0.551673839158454,7.87119218457397,0.000326933338862275,"20140310_H","F1_2014.02.25_NA","M8",15,"A","Feb"
46.4694,983.5498,7.1492,"F1-M8-040cm-B","F1","F",NA,NA,NA,2014-02-25,"Y",54.669975,1685.9999875,5.4369875,0.526447500798907,18028.801578684,0.767278324478169,0.592570279390098,8.69710815473012,0.000370135671172761,"20140310_H","F1_2014.02.25_NA","M8",40,"B","Feb"
43.8254,371.1452,8.3262,"F1-K4-250cm-A","F1","F",NA,NA,NA,2014-02-25,"Y",50.042975,614.2919375,7.4967375,0.480231619632172,6578.82640326583,0.966162291744316,0.540549598175595,3.17363106530864,0.000466077454435858,"20140310_H","F1_2014.02.25_NA","K4",250,"A","Feb"
46.6352,987.7012,7.257,"F1-M8-040cm-C","F1","F",NA,NA,NA,2014-02-25,"Y",54.960125,1693.2649375,5.6256375,0.529345607114128,18106.4192630437,0.785493865405348,0.595832393212096,8.73455098711417,0.000378922862537045,"20140310_H","F1_2014.02.25_NA","M8",40,"C","Feb"
44.0272,629.7312,8.1244,"F1-M8-075cm-A","F1","F",NA,NA,NA,2014-02-25,"Y",50.396125,1066.8174375,7.1435875,0.48375898907977,11413.5439751304,0.932063069489169,0.544520011741816,5.50590264956052,0.000449627962624055,"20140310_H","F1_2014.02.25_NA","M8",75,"A","Feb"
47.8814,1050.05,6.9228,"F1-M8-075cm-B","F1","F",NA,NA,NA,2014-02-25,"Y",57.140975,1802.3753375,5.0407875,0.551128599213215,19272.139135522,0.729022309024425,0.620351369357903,9.2968951764833,0.000351680939031074,"20140310_H","F1_2014.02.25_NA","M8",75,"B","Feb"
48.342,1085.5456,6.562,"F1-M8-075cm-C","F1","F",NA,NA,NA,2014-02-25,"Y",57.947025,1864.4926375,4.4093875,0.559179671401338,19935.791464124,0.668056008778354,0.629413671085361,9.61704158520601,0.000322270747526125,"20140310_H","F1_2014.02.25_NA","M8",75,"C","Feb"
45.629,600.6926,5.6048,"F1-K4-150cm-B","F1","F",NA,NA,NA,2014-02-25,"Y",53.199275,1015.9998875,2.7342875,0.511757702564216,10870.6165556941,0.506312819766326,0.576035415361101,5.24399403259574,0.000244245705096697,"20140310_H","F1_2014.02.25_NA","K4",150,"B","Feb"
46.3344,509.4908,7.5616,"F1-K4-150cm-A","F1","F",NA,NA,NA,2014-02-25,"Y",54.433725,856.3967375,6.1586875,0.524087764052497,9165.43938041906,0.836963751921295,0.589914155349266,4.42141521327596,0.000403751976540392,"20140310_H","F1_2014.02.25_NA","K4",150,"A","Feb"
43.8534,823.0042,7.516,"F1-M8-040cm-A","F1","F",NA,NA,NA,2014-02-25,"Y",50.091975,1405.0451875,6.0788875,0.48072104651291,15027.1207707302,0.829258476723898,0.541100497976656,7.24909495658068,0.000400034945684999,"20140310_H","F1_2014.02.25_NA","M8",40,"A","Feb"
0,0,0,"F1-K4-250cm-B","F1","F",NA,NA,NA,2014-02-25,"Y",-26.651475,-35.2121625,-7.0741125,NA,NA,NA,NA,NA,NA,"20140310_H","F1_2014.02.25_NA","K4",250,"B","Feb"
49.134,799.9172,5.5866,"F1-K4-250cm-C","F1","F",NA,NA,NA,2014-02-25,"Y",59.333025,1364.6429375,2.7024375,0.573023460313613,14595.4689234468,0.503237468700698,0.644996265458238,7.04086576371787,0.000242762153307921,"20140310_H","F1_2014.02.25_NA","K4",250,"C","Feb"
51.1668,888.84,5.0322,"F1-K4-350cm-B","F1","F",NA,NA,NA,2014-02-25,"Y",62.890425,1520.2578375,1.7322375,0.608555851855117,16258.0362074428,0.409557543932345,0.684991591015288,7.84288953775094,0.000197570883434462,"20140310_H","F1_2014.02.25_NA","K4",350,"B","Feb"
50.3888,824.9732,5.4906,"F1-K4-350cm-A","F1","F",NA,NA,NA,2014-02-25,"Y",61.528925,1408.4909375,2.5344375,0.594956776383211,15063.9346697774,0.487015836706178,0.669684446542942,7.26685401062612,0.000234936825191305,"20140310_H","F1_2014.02.25_NA","K4",350,"A","Feb"
54.423,989.69,5.223,"F1-K4-350cm-C","F1","F",NA,NA,NA,2014-02-25,"Y",68.588775,1696.7453375,2.0661375,0.665472702178537,18143.6033577237,0.441798037521453,0.749057302880138,8.75248862382599,0.000213123723066237,"20140310_H","F1_2014.02.25_NA","K4",350,"C","Feb"
52.8664,1047.633,5.9908,"F1-K4-450cm-C","F1","F",NA,NA,NA,2014-02-25,"Y",65.864725,1798.1455875,3.4097875,0.638264063515852,19226.9490928623,0.571537298410959,0.718431208939709,9.27509546412788,0.000275710045232258,"20140310_H","F1_2014.02.25_NA","K4",450,"C","Feb"
48.7124,787.584,6.5628,"F1-K4-450cm-B","F1","F",NA,NA,NA,2014-02-25,"Y",58.595225,1343.0598375,4.4107875,0.56565408985223,14364.878177013,0.668191189044975,0.636701288453687,6.92962860508247,0.000322335958593763,"20140310_H","F1_2014.02.25_NA","K4",450,"B","Feb"
43.3748,475.3164,6.3318,"F1-K4-015cm-A","F1","F",NA,NA,NA,2014-02-25,"Y",49.254425,796.5915375,4.0065375,0.472355342758598,8526.48919677444,0.629157887058161,0.531684046377087,4.11318513883706,0.000303506262813155,"20140310_H","F1_2014.02.25_NA","K4",15,"A","Feb"
44.34,564.5776,5.7138,"F1-K4-015cm-C","F1","F",NA,NA,NA,2014-02-25,"Y",50.943525,952.7986375,2.9250375,0.48922658651886,10195.3834606778,0.524731131093437,0.550674349519386,4.91826105298641,0.000253130713062438,"20140310_H","F1_2014.02.25_NA","K4",15,"C","Feb"
43.8812,561.9504,5.5356,"F1-K4-015cm-B","F1","F",NA,NA,NA,2014-02-25,"Y",50.140625,948.2010375,2.6131875,0.481206977487356,10146.2633613499,0.494619726703609,0.541647462779139,4.89456547818288,0.000238604947745969,"20140310_H","F1_2014.02.25_NA","K4",15,"B","Feb"
44.439,543.2624,5.3932,"F1-K4-040cm-B","F1","F",NA,NA,NA,2014-02-25,"Y",51.116775,915.4970375,2.3639875,0.490957060132894,9796.85851351204,0.470557639245071,0.552622173815996,4.72601230296651,0.000226997377706322,"20140310_H","F1_2014.02.25_NA","K4",40,"B","Feb"
45.3216,554.6252,5.6284,"F1-K4-040cm-C","F1","F",NA,NA,NA,2014-02-25,"Y",52.661325,935.3819375,2.7755875,0.506384494594982,10009.305934585,0.510300637631646,0.569987322545163,4.82849710708405,0.000246169431592031,"20140310_H","F1_2014.02.25_NA","K4",40,"C","Feb"
43.6532,476.8272,6.1584,"F1-K4-040cm-A","F1","F",NA,NA,NA,2014-02-25,"Y",49.741625,799.2354375,3.7030875,0.47722164431564,8554.73624536784,0.599857564268059,0.537161564399068,4.12681153744134,0.000289371763902517,"20140310_H","F1_2014.02.25_NA","K4",40,"A","Feb"
43.3512,430.1828,7.265,"F1-K4-075cm-A","F1","F",NA,NA,NA,2014-02-25,"Y",49.213125,717.6077375,5.6396375,0.471942825816263,7682.63760000777,0.786845668071558,0.531219716544764,3.70611046049024,0.000379574973213429,"20140310_H","F1_2014.02.25_NA","K4",75,"A","Feb"
47.029,687.3888,5.9562,"F1-K4-075cm-B","F1","F",NA,NA,NA,2014-02-25,"Y",55.649275,1167.7182375,3.3492375,0.536229046601065,12491.5536580658,0.565690751879601,0.603580405414166,6.02593537405513,0.000272889666556894,"20140310_H","F1_2014.02.25_NA","K4",75,"B","Feb"
46.978,704.3402,5.25,"F1-K4-075cm-C","F1","F",NA,NA,NA,2014-02-25,"Y",55.560025,1197.3831875,2.1133875,0.535337590496865,12808.4897313556,0.446360371519912,0.602576980776518,6.17882558672437,0.000215324596599036,"20140310_H","F1_2014.02.25_NA","K4",75,"C","Feb"
50.9674,804.7292,5.7084,"F1-K4-150cm-C","F1","F",NA,NA,NA,2014-02-25,"Y",62.541475,1373.0639375,2.9155875,0.605070433283012,14685.4376802852,0.523818664293746,0.681068397432016,7.08426676324383,0.000252690538355878,"20140310_H","F1_2014.02.25_NA","K4",150,"C","Feb"
36.205,713.0732,5.018,"S4-MU-075cm-C_rerun","S4","S",NA,NA,NA,2014-02-26,"Y",36.707275,1212.6659375,1.7073875,0.347030598133313,12971.7684415529,0.407158094199822,0.390618282318184,6.25759136578925,0.00019641338698388,"20140310_H","S4_2014.02.26_NA","MU",75,"C","Feb"
44.0604,779.2526,5.5064,"F1-M8-350cm-C_rerun","F1","F",NA,NA,NA,2014-02-25,"Y",50.454225,1328.4798875,2.5620875,0.484339309524072,14209.1080812683,0.489685646971943,0.545173221505931,6.85448498757403,0.000236224743777165,"20140310_H","F1_2014.02.25_NA","M8",350,"C","Feb"
28.0956,425.2912,3.184,"F1-K4-250cm-C_rerun","F1","F",NA,NA,NA,2014-02-25,"Y",22.515825,709.0474375,-1.5021125,0.205282085753011,7591.18058193822,-0.342019803558265,0.231065894935096,3.66199152256813,-0.000164990624009236,"20140310_H","F1_2014.02.25_NA","K4",250,"C","Feb"
